ship,survey_num,haul_num,total_haul_weight_kg,haul_type,performance,subsample,target_depth_date_time,haul_back_date_time,haul_duration,haul_distance_fished_nm,inpfc_region,td_latitude,td_longitude,hb_latitude,hb_longitude,avg_bot_depth_m,avg_footrope_depth_m,surface_temp_c,gear_temp_c,avg_wireout_m,transect,net_height_m
NOAA Bell M Shimada,201906,1,58.586,Opportunistic off-bottom sample,Good,100% processed (no subsample),06/17/2019 16:52:13,06/17/2019 17:07:44,0:15:31,0.8871,Conception; from 32.5 to 36 degrees latitude,34.4036,-120.6568,34.4130,-120.6708,390.5657,335.7628,13.0241,7.9402,880.3000,1,19.0000
NOAA Bell M Shimada,201906,2,,Opportunistic off-bottom sample,Aborted,no catch data collected,,06/18/2019 21:59:00,,,Conception; from 32.5 to 36 degrees latitude,,,34.7102,-121.0947,550.0000,,,,,,
NOAA Bell M Shimada,201906,3,60.2,Opportunistic off-bottom sample,Good,100% processed (no subsample),06/19/2019 20:12:00,06/19/2019 20:27:16,0:15:16,0.8775,Conception; from 32.5 to 36 degrees latitude,34.8986,-120.9075,34.9091,-120.9199,248.8937,227.0118,14.4230,9.1601,504.3365,4,20.9460
NOAA Bell M Shimada,201906,4,102.45,Opportunistic off-bottom sample,Good,100% processed (no subsample),06/19/2019 22:09:22,06/19/2019 22:14:25,0:05:03,0.2787,Conception; from 32.5 to 36 degrees latitude,34.8943,-120.8763,34.8974,-120.8805,200.0231,172.4381,14.4316,9.7602,411.9800,4,24.0000
NOAA Bell M Shimada,201906,5,3.1,Opportunistic off-bottom sample,Good,100% processed (no subsample),06/20/2019 15:02:31,06/20/2019 15:17:58,0:15:27,0.8962,Conception; from 32.5 to 36 degrees latitude,35.0625,-121.4547,35.0745,-121.4438,432.3527,140.9321,14.5482,9.4302,306.1019,5,20.7681
NOAA Bell M Shimada,201906,6,,Opportunistic off-bottom sample,Aborted,no catch data collected,,06/21/2019 01:29:33,,,Conception; from 32.5 to 36 degrees latitude,,,35.3852,-121.1463,325.0000,,,,,,
NOAA Bell M Shimada,201906,7,52.12,Opportunistic off-bottom sample,Good,100% processed (no subsample),06/21/2019 02:31:23,06/21/2019 02:51:32,0:20:09,1.0617,Conception; from 32.5 to 36 degrees latitude,35.3936,-121.1581,35.4066,-121.1728,329.9151,197.5701,15.7217,7.8271,355.0466,7,26.2643
NOAA Bell M Shimada,201906,8,103.786,Opportunistic off-bottom sample,Unspecificed problems,100% processed (no subsample),06/21/2019 21:26:02,06/21/2019 21:41:33,0:15:31,0.8553,Conception; from 32.5 to 36 degrees latitude,35.5583,-121.4340,35.5686,-121.4460,608.9906,341.4472,15.2521,7.8364,695.6594,8,23.2285
NOAA Bell M Shimada,201906,9,118.73,Opportunistic off-bottom sample,Good,100% processed (no subsample),06/22/2019 01:18:57,06/22/2019 01:29:55,0:10:58,0.5479,Conception; from 32.5 to 36 degrees latitude,35.5620,-121.2993,35.5678,-121.3079,283.5476,271.7103,14.3549,8.6373,467.4469,8,25.0760
NOAA Bell M Shimada,201906,10,91.834,Opportunistic off-bottom sample,Good,100% processed (no subsample),06/22/2019 17:34:30,06/22/2019 17:56:56,0:22:26,1.1537,Conception; from 32.5 to 36 degrees latitude,35.7300,-121.7384,35.7450,-121.7532,945.8449,321.3075,15.6487,7.5228,564.6652,9,32.0431
NOAA Bell M Shimada,201906,11,60.2548,Opportunistic off-bottom sample,Good,100% processed (no subsample),06/23/2019 01:58:33,06/23/2019 02:18:36,0:20:03,1.0078,Conception; from 32.5 to 36 degrees latitude,35.9023,-121.5820,35.9130,-121.5980,578.1975,387.9463,13.6974,7.5741,728.1337,10,24.9210
NOAA Bell M Shimada,201906,12,87.3,Opportunistic off-bottom sample,Good,100% processed (no subsample),06/23/2019 17:17:53,06/23/2019 17:43:42,0:25:49,1.4624,Monterey; from 36 to 40.5 degrees latitude,36.0648,-121.7400,36.0684,-121.7699,822.2394,259.5809,13.7276,8.5426,510.4294,11,25.4773
NOAA Bell M Shimada,201906,13,68.206,Opportunistic off-bottom sample,Unspecificed problems,100% processed (no subsample),06/24/2019 15:21:50,06/24/2019 15:44:37,0:22:47,1.1412,Monterey; from 36 to 40.5 degrees latitude,36.3962,-122.0503,36.4108,-122.0656,636.9927,293.8306,14.0116,7.9199,641.4826,13,25.6767
NOAA Bell M Shimada,201906,14,2.503,Opportunistic off-bottom sample,Unspecificed problems,100% processed (no subsample),06/24/2019 20:08:10,06/24/2019 20:24:29,0:16:19,0.8734,Monterey; from 36 to 40.5 degrees latitude,36.5446,-121.9968,36.5573,-122.0057,630.1381,197.3214,14.9600,7.4098,442.3515,14,18.9750
NOAA Bell M Shimada,201906,15,306.782,Opportunistic off-bottom sample,Good,100% processed (no subsample),06/25/2019 21:11:34,06/25/2019 21:26:42,0:15:08,0.8936,Monterey; from 36 to 40.5 degrees latitude,37.0603,-122.6847,37.0696,-122.6992,377.5223,345.0231,15.2597,6.1559,711.1378,17,24.0694
NOAA Bell M Shimada,201906,16,26.606,Opportunistic off-bottom sample,Good,100% processed (no subsample),06/25/2019 23:43:22,06/25/2019 23:51:25,0:08:03,0.4371,Monterey; from 36 to 40.5 degrees latitude,37.0617,-122.6611,37.0670,-122.6674,261.1190,241.2657,15.3067,6.8443,401.9691,17,25.4462
NOAA Bell M Shimada,201906,17,110.768,Opportunistic off-bottom sample,Good,100% processed (no subsample),06/26/2019 17:08:08,06/26/2019 17:28:17,0:20:09,1.2350,Monterey; from 36 to 40.5 degrees latitude,37.2357,-122.8715,37.2504,-122.8896,317.0245,305.9837,14.2777,7.7288,637.3064,18,25.0736
NOAA Bell M Shimada,201906,18,,Opportunistic off-bottom sample,Aborted,no catch data collected,,06/27/2019 15:40:14,,,Monterey; from 36 to 40.5 degrees latitude,,,37.3817,-122.9898,680.0000,,,,,,
NOAA Bell M Shimada,201906,19,177.554,Opportunistic off-bottom sample,Good,100% processed (no subsample),06/27/2019 23:57:33,06/28/2019 00:14:57,0:17:24,1.9600,Monterey; from 36 to 40.5 degrees latitude,37.5639,-123.0481,37.5695,-123.0617,540.8879,269.5455,13.7560,8.2279,379.9714,20,30.2921
NOAA Bell M Shimada,201906,20,219.932,Opportunistic off-bottom sample,Good,100% processed (no subsample),07/02/2019 18:51:55,07/02/2019 19:12:06,0:20:11,1.1612,Monterey; from 36 to 40.5 degrees latitude,37.9025,-123.4431,37.9163,-123.4603,327.6771,284.5729,11.2023,7.6042,688.5170,22,18.9661
NOAA Bell M Shimada,201906,21,,Opportunistic off-bottom sample,Aborted,no catch data collected,,07/03/2019 01:29:47,,,Monterey; from 36 to 40.5 degrees latitude,,,38.0568,-123.5263,318.0000,,,,,,
NOAA Bell M Shimada,201906,22,525.356,Opportunistic off-bottom sample,Good,100% processed (no subsample),07/03/2019 15:39:14,07/03/2019 15:47:33,0:08:19,0.4591,Monterey; from 36 to 40.5 degrees latitude,38.0564,-123.5302,38.0629,-123.5355,427.6215,275.8761,10.3019,7.6188,585.3218,23,21.3657
NOAA Bell M Shimada,201906,23,0.83,Opportunistic off-bottom sample,Good,100% processed (no subsample),07/04/2019 15:53:23,07/04/2019 16:18:18,0:24:55,1.6807,Monterey; from 36 to 40.5 degrees latitude,38.5620,-123.8027,38.5801,-123.8301,1574.7300,96.2503,12.7596,9.2431,261.0870,26,17.3930
NOAA Bell M Shimada,201906,24,121.002,Opportunistic off-bottom sample,Good,100% processed (no subsample),07/04/2019 19:16:38,07/04/2019 19:47:06,0:30:28,1.8923,Monterey; from 36 to 40.5 degrees latitude,38.5600,-123.7883,38.5795,-123.8200,1449.9944,290.0696,13.0231,7.4397,671.4419,26,18.2875
NOAA Bell M Shimada,201906,25,140.45,Opportunistic off-bottom sample,Unspecificed problems,100% processed (no subsample),07/05/2019 15:14:56,07/05/2019 15:22:08,0:07:12,0.4267,Monterey; from 36 to 40.5 degrees latitude,38.7320,-123.8279,38.7384,-123.8317,281.2794,236.9015,10.3087,7.7879,534.1438,27,23.0000
NOAA Bell M Shimada,201906,26,645.062,Opportunistic off-bottom sample,Gear performance issue,100% processed (no subsample),07/06/2019 15:25:53,07/06/2019 15:30:43,0:04:50,0.2693,Monterey; from 36 to 40.5 degrees latitude,39.0691,-123.9506,39.0733,-123.9527,245.6496,211.0185,12.1928,7.8976,421.1939,29,20.0000
NOAA Bell M Shimada,201906,27,408.988,Opportunistic off-bottom sample,Good,100% processed (no subsample),07/06/2019 21:11:23,07/06/2019 21:14:43,0:03:20,0.1994,Monterey; from 36 to 40.5 degrees latitude,39.2397,-123.9602,39.2419,-123.9634,238.9466,,10.9334,8.1194,334.0455,30,NR
NOAA Bell M Shimada,201906,28,291.078,Opportunistic off-bottom sample,Good,100% processed (no subsample),07/07/2019 16:48:58,07/07/2019 17:32:21,0:43:23,2.3059,Monterey; from 36 to 40.5 degrees latitude,39.3936,-124.3886,39.4208,-124.4238,1707.2811,,10.9686,8.0698,444.7201,31,NR
NOAA Bell M Shimada,201906,29,181.965,Opportunistic off-bottom sample,Gear performance issue,100% processed (no subsample),07/07/2019 22:01:11,07/07/2019 22:10:34,0:09:23,0.5662,Monterey; from 36 to 40.5 degrees latitude,39.4008,-123.9838,39.4072,-123.9929,379.1397,236.4895,10.7912,7.7464,490.9140,31,24.0000
NOAA Bell M Shimada,201906,30,209.894,Opportunistic off-bottom sample,Good,100% processed (no subsample),07/08/2019 15:08:59,07/08/2019 15:51:02,0:42:03,2.3849,Monterey; from 36 to 40.5 degrees latitude,39.7311,-124.2134,39.7607,-124.2479,1293.4353,,10.3743,7.2095,518.1939,33,NR
NOAA Bell M Shimada,201906,31,218.5515,Opportunistic off-bottom sample,Good,100% processed (no subsample),07/09/2019 16:40:12,07/09/2019 17:20:30,0:40:18,2.0480,Monterey; from 36 to 40.5 degrees latitude,40.0631,-124.5123,40.0653,-124.5568,864.9494,258.2419,11.3932,7.4394,462.9512,35,30.0000
NOAA Bell M Shimada,201906,32,65.614,Opportunistic off-bottom sample,Good,100% processed (no subsample),07/09/2019 21:27:00,07/09/2019 21:50:32,0:23:32,1.3680,Monterey; from 36 to 40.5 degrees latitude,40.0632,-124.2659,40.0629,-124.2957,320.6986,170.5636,9.9660,8.0452,336.1646,35,21.0000
NOAA Bell M Shimada,201906,33,412.581,Opportunistic off-bottom sample,Good,100% processed (no subsample),07/10/2019 15:49:12,07/10/2019 16:15:45,0:26:33,1.2683,Monterey; from 36 to 40.5 degrees latitude,40.3947,-124.7945,40.4060,-124.8179,1919.1891,311.0787,12.9490,6.6494,548.0502,37,29.0000
NOAA Bell M Shimada,201906,34,,Opportunistic off-bottom sample,Aborted,no catch data collected,,07/11/2019 15:05:51,,,Eureka; from 40.5 to 43 degrees latitude,,,40.5620,-124.6689,380.0000,,,,,,
NOAA Bell M Shimada,201906,35,611.92,Opportunistic off-bottom sample,Good,100% processed (no subsample),07/11/2019 16:41:01,07/11/2019 17:01:25,0:20:24,1.1241,Eureka; from 40.5 to 43 degrees latitude,40.5644,-124.7249,40.5647,-124.7495,982.7586,358.6095,13.1663,6.9267,767.4830,38,30.1360
NOAA Bell M Shimada,201906,36,647.65,Opportunistic off-bottom sample,Mechanical issue,100% processed (no subsample),07/11/2019 22:50:22,07/11/2019 23:06:54,0:16:32,1.0553,Eureka; from 40.5 to 43 degrees latitude,40.7295,-124.8349,40.7289,-124.8581,2241.7526,337.8955,13.6717,6.7843,839.9671,39,20.0000
NOAA Bell M Shimada,201906,37,815.845,Opportunistic off-bottom sample,Good,100% processed (no subsample),07/12/2019 02:50:51,07/12/2019 02:59:06,12:08:15 AM,0.3800,Eureka; from 40.5 to 43 degrees latitude,40.7198,-124.5105,40.7260,-124.5090,227.7515,217.2145,12.2457,7.7898,377.8023,39,24.0000
NOAA Bell M Shimada,201906,38,393.422,Opportunistic off-bottom sample,Good,100% processed (no subsample),07/12/2019 20:54:06,07/12/2019 21:00:16,0:06:10,0.3699,Eureka; from 40.5 to 43 degrees latitude,41.0465,-124.4188,41.0524,-124.4165,389.7599,303.6851,15.1186,7.2277,803.9435,41,20.0000
NOAA Bell M Shimada,201906,39,67.65,Opportunistic off-bottom sample,Good,100% processed (no subsample),07/13/2019 15:23:16,07/13/2019 16:08:39,0:45:23,2.2908,Eureka; from 40.5 to 43 degrees latitude,41.2198,-124.8947,41.2580,-124.8966,1407.1220,399.0241,14.7242,5.7450,779.4683,42,30.0000
NOAA Bell M Shimada,201906,40,795.656,Opportunistic off-bottom sample,Good,100% processed (no subsample),07/14/2019 01:34:21,07/14/2019 01:51:15,0:16:54,0.8896,Eureka; from 40.5 to 43 degrees latitude,41.5648,-124.5193,41.5796,-124.5192,382.6161,354.0217,13.8007,6.9830,670.0529,44,26.2988
NOAA Bell M Shimada,201906,41,27.448,Opportunistic off-bottom sample,Good,100% processed (no subsample),07/14/2019 15:26:09,07/14/2019 15:56:34,0:30:25,1.6441,Eureka; from 40.5 to 43 degrees latitude,41.5588,-124.9828,41.5851,-124.9931,1059.0683,,12.5648,5.6009,798.1536,44,NR
NOAA Bell M Shimada,201906,42,421.6,Opportunistic off-bottom sample,Good,100% processed (no subsample),07/20/2019 21:14:17,07/20/2019 21:36:56,0:22:39,1.4000,Eureka; from 40.5 to 43 degrees latitude,41.8852,-124.5519,41.9077,-124.5598,326.4350,319.8523,9.3984,6.6037,733.1601,46,23.0533
NOAA Bell M Shimada,201906,43,12.556,Opportunistic off-bottom sample,Good,100% processed (no subsample),07/21/2019 22:34:37,07/21/2019 23:04:39,0:30:02,1.7395,Eureka; from 40.5 to 43 degrees latitude,42.3882,-124.7315,42.4113,-124.7551,260.8214,244.3331,10.5152,7.2471,401.2770,49,34.7497
NOAA Bell M Shimada,201906,44,12.8157,Opportunistic off-bottom sample,Good,100% processed (no subsample),07/22/2019 17:59:06,07/22/2019 18:44:07,0:45:01,2.2168,Eureka; from 40.5 to 43 degrees latitude,42.7300,-125.1582,42.7384,-125.2072,990.1316,326.7024,16.3077,6.9110,655.0087,51,26.7425
NOAA Bell M Shimada,201906,45,1568.27,Opportunistic off-bottom sample,Good,100% processed (no subsample),07/22/2019 23:22:31,07/22/2019 23:27:27,0:04:56,0.2339,Eureka; from 40.5 to 43 degrees latitude,42.7263,-124.7283,42.7299,-124.7301,269.6624,246.5399,15.6533,7.3845,356.2300,51,34.0625
NOAA Bell M Shimada,201906,46,575.45,Opportunistic off-bottom sample,Good,100% processed (no subsample),07/23/2019 15:39:18,07/23/2019 15:47:39,0:08:21,0.3468,Eureka; from 40.5 to 43 degrees latitude,42.8943,-124.9794,42.8988,-124.9844,1014.9166,270.8625,16.1645,7.1897,417.3621,52,32.5000
NOAA Bell M Shimada,201906,47,115.0513,Opportunistic off-bottom sample,Good,no catch data collected,07/23/2019 21:45:30,07/23/2019 22:22:24,0:36:54,2.1513,South Columbia - to Cape Falcon; from 43 to 45.77 degrees latitude,43.0708,-125.0856,43.0971,-125.1189,>1000m,349.1286,16.5085,6.4305,830.1591,53,21.8248
NOAA Bell M Shimada,201906,48,312.871,Opportunistic off-bottom sample,Good,100% processed (no subsample),07/24/2019 16:41:08,07/24/2019 16:55:39,0:14:31,0.6228,South Columbia - to Cape Falcon; from 43 to 45.77 degrees latitude,43.2255,-124.7650,43.2346,-124.7582,344.2313,334.2413,16.5476,6.6390,506.3716,54,34.2509
NOAA Bell M Shimada,201906,49,223.96,Opportunistic off-bottom sample,Good,100% processed (no subsample),07/24/2019 23:22:51,07/24/2019 23:40:47,0:17:56,0.8442,South Columbia - to Cape Falcon; from 43 to 45.77 degrees latitude,43.3933,-124.7406,43.4054,-124.7504,515.5125,467.6747,17.0958,5.9595,854.5302,55,27.4814
NOAA Bell M Shimada,201906,50,111.3,Opportunistic off-bottom sample,Good,100% processed (no subsample),07/25/2019 17:58:32,07/25/2019 18:37:57,0:39:25,1.8118,South Columbia - to Cape Falcon; from 43 to 45.77 degrees latitude,43.7209,-125.0667,43.7511,-125.0672,1363.8613,333.4161,17.0293,6.3373,576.5960,57,34.1273
NOAA Bell M Shimada,201906,51,94.672,Opportunistic off-bottom sample,Good,100% processed (no subsample),07/25/2019 22:46:23,07/25/2019 23:01:05,0:14:42,0.8031,South Columbia - to Cape Falcon; from 43 to 45.77 degrees latitude,43.8956,-124.8713,43.9060,-124.8830,287.9642,275.7926,15.2411,6.7281,524.8826,58,24.3707
NOAA Bell M Shimada,201906,52,93.584,Opportunistic off-bottom sample,Good,100% processed (no subsample),07/26/2019 01:34:56,07/26/2019 01:56:13,0:21:17,1.0668,South Columbia - to Cape Falcon; from 43 to 45.77 degrees latitude,43.8971,-124.9229,43.9146,-124.9272,461.8238,455.5601,14.5833,5.8692,831.6682,58,25.7874
NOAA Bell M Shimada,201906,53,226.8,Opportunistic off-bottom sample,Good,100% processed (no subsample),07/26/2019 18:46:26,07/26/2019 19:14:40,0:28:14,1.5133,South Columbia - to Cape Falcon; from 43 to 45.77 degrees latitude,44.0595,-124.6249,44.0846,-124.6215,127.5185,120.3508,15.5075,7.4561,204.9861,59,23.1160
NOAA Bell M Shimada,201906,54,701.2,Opportunistic off-bottom sample,Good,100% processed (no subsample),07/26/2019 23:11:17,07/26/2019 23:25:20,0:14:03,0.5633,South Columbia - to Cape Falcon; from 43 to 45.77 degrees latitude,44.0549,-124.9562,44.0640,-124.9594,437.6300,257.5998,16.3850,6.8785,417.5070,59,27.1032
NOAA Bell M Shimada,201906,55,419.25,Opportunistic off-bottom sample,Good,100% processed (no subsample),07/27/2019 22:13:32,07/27/2019 22:40:04,0:26:32,1.4193,South Columbia - to Cape Falcon; from 43 to 45.77 degrees latitude,44.3775,-124.8326,44.4007,-124.8264,419.4190,392.7936,16.2488,6.2701,797.5882,61,26.3365
NOAA Bell M Shimada,201906,56,45.5,Opportunistic off-bottom sample,Good,100% processed (no subsample),07/29/2019 17:07:54,07/29/2019 17:43:14,0:35:20,1.7010,South Columbia - to Cape Falcon; from 43 to 45.77 degrees latitude,45.0538,-124.7596,45.0821,-124.7593,500.1407,351.8875,18.6211,6.2384,600.5662,65,31.3929
NOAA Bell M Shimada,201906,57,147.5598,Opportunistic off-bottom sample,Good,100% processed (no subsample),07/30/2019 20:42:53,07/30/2019 21:11:47,0:28:54,1.4042,South Columbia - to Cape Falcon; from 43 to 45.77 degrees latitude,45.2221,-124.6619,45.2454,-124.6643,404.4140,386.5462,18.7844,6.0517,707.9055,66,29.0346
NOAA Bell M Shimada,201906,58,22.7,Opportunistic off-bottom sample,Good,100% processed (no subsample),07/31/2019 01:04:51,07/31/2019 01:35:34,0:30:43,1.4809,South Columbia - to Cape Falcon; from 43 to 45.77 degrees latitude,45.2159,-124.3049,45.2406,-124.3050,196.7330,185.7202,18.7468,7.2481,268.4628,66,27.8095
NOAA Bell M Shimada,201906,59,107.266,Opportunistic off-bottom sample,Good,100% processed (no subsample),07/31/2019 21:37:46,07/31/2019 21:56:53,0:19:07,0.9541,South Columbia - to Cape Falcon; from 43 to 45.77 degrees latitude,45.5569,-124.5612,45.5728,-124.5618,421.9184,364.1621,17.9549,4.9945,633.6641,68,31.0798
NOAA Bell M Shimada,201906,60,158.432,Opportunistic off-bottom sample,Good,100% processed (no subsample),08/06/2019 19:32:52,08/06/2019 19:38:31,0:05:39,0.3193,South Columbia - to Cape Falcon; from 43 to 45.77 degrees latitude,45.7268,-124.3026,45.7318,-124.2999,143.7665,130.5041,16.6942,7.2230,246.1727,69,20.0000
NOAA Bell M Shimada,201906,61,89.044,Opportunistic off-bottom sample,Good,100% processed (no subsample),08/06/2019 23:35:15,08/06/2019 23:54:08,0:18:53,0.9850,South Columbia - to Cape Falcon; from 43 to 45.77 degrees latitude,45.7295,-124.7517,45.7439,-124.7629,349.3557,313.4997,18.1729,6.3629,541.9562,69,26.0000
NOAA Bell M Shimada,201906,62,91.942,Opportunistic off-bottom sample,Good,100% processed (no subsample),08/07/2019 21:40:05,08/07/2019 21:58:21,0:18:16,0.9186,Vancouver/North Columbia; from 45.77 to 48.5 degrees latitude,46.0504,-124.7303,46.0654,-124.7342,311.4176,295.0166,18.3480,6.7455,548.6640,71,27.6856
NOAA Bell M Shimada,201906,63,380.3936,Opportunistic off-bottom sample,Good,100% processed (no subsample),08/08/2019 17:40:21,08/08/2019 18:01:43,0:21:22,0.9307,Vancouver/North Columbia; from 45.77 to 48.5 degrees latitude,46.3896,-124.6048,46.4048,-124.5999,504.1726,470.4990,17.6779,5.7022,825.4954,73,30.0000
NOAA Bell M Shimada,201906,64,24.6581,Opportunistic off-bottom sample,Good,100% processed (no subsample),08/09/2019 18:06:23,08/09/2019 18:26:36,0:20:13,0.9677,Vancouver/North Columbia; from 45.77 to 48.5 degrees latitude,46.7318,-124.8689,46.7297,-124.8923,505.3981,356.4877,16.7901,6.2546,602.8077,75,32.6558
NOAA Bell M Shimada,201906,65,167.7977,Opportunistic off-bottom sample,Good,100% processed (no subsample),08/09/2019 20:55:25,08/09/2019 21:10:33,0:15:08,0.6931,Vancouver/North Columbia; from 45.77 to 48.5 degrees latitude,46.7320,-124.8733,46.7328,-124.8901,494.6865,429.3191,17.0950,5.9360,700.5392,75,36.0000
NOAA Bell M Shimada,201906,66,169.7064,Opportunistic off-bottom sample,Good,100% processed (no subsample),08/10/2019 22:13:50,08/10/2019 22:27:19,0:13:29,0.6586,Vancouver/North Columbia; from 45.77 to 48.5 degrees latitude,47.2407,-124.8998,47.2517,-124.9003,515.0000,509.6737,16.4809,5.4776,937.1971,78,30.0000
NOAA Bell M Shimada,201906,67,207.454,Opportunistic off-bottom sample,Good,100% processed (no subsample),08/11/2019 16:11:46,08/11/2019 16:19:49,0:08:03,0.4280,Vancouver/North Columbia; from 45.77 to 48.5 degrees latitude,47.4269,-124.8278,47.4338,-124.8308,556.4388,237.5448,14.7995,7.1507,412.0000,79,22.0000
NOAA Bell M Shimada,201906,68,,Opportunistic off-bottom sample,Aborted,no catch data collected,,08/14/2019 17:45:40,,,Vancouver/North Columbia; from 45.77 to 48.5 degrees latitude,,,47.7033,-125.0984,270.0000,,,,,,
NOAA Bell M Shimada,201906,69,546.268,Opportunistic off-bottom sample,Good,100% processed (no subsample),08/14/2019 21:16:37,08/14/2019 21:22:03,0:05:26,0.2868,Vancouver/North Columbia; from 45.77 to 48.5 degrees latitude,47.7295,-124.8739,47.7340,-124.8762,104.6897,97.7164,16.3182,7.6436,146.5000,81,24.0000
NOAA Bell M Shimada,201906,70,138.778,Opportunistic off-bottom sample,Good,100% processed (no subsample),08/15/2019 02:47:40,08/15/2019 03:08:00,0:20:20,0.9686,Vancouver/North Columbia; from 45.77 to 48.5 degrees latitude,47.8969,-125.2625,47.9034,-125.2845,388.4737,344.1005,18.7067,6.6544,600.2332,81,32.0000
NOAA Bell M Shimada,201906,71,183.576,Opportunistic off-bottom sample,Good,100% processed (no subsample),08/15/2019 19:29:07,08/15/2019 19:37:45,0:08:38,0.4175,Vancouver/North Columbia; from 45.77 to 48.5 degrees latitude,48.0648,-125.6261,48.0693,-125.6340,409.5313,325.6840,18.1328,6.2633,589.0000,83,26.0000
NOAA Bell M Shimada,201906,72,653.95,Opportunistic off-bottom sample,Good,100% processed (no subsample),08/16/2019 17:39:20,08/16/2019 18:06:43,0:27:23,1.4704,Vancouver/North Columbia; from 45.77 to 48.5 degrees latitude,48.2308,-125.5756,48.2374,-125.6110,158.9591,137.7304,13.4153,7.5485,263.3967,84,20.0000
NOAA Bell M Shimada,201906,73,935.25,Opportunistic off-bottom sample,Good,100% processed (no subsample),08/17/2019 16:05:27,08/17/2019 16:19:55,0:14:28,0.7610,Canada,48.3974,-125.3865,48.4016,-125.4045,173.4854,,13.6927,7.0782,195.5000,85,NR
NOAA Bell M Shimada,201906,74,,Open codend opportunistic off-bottom sample,Aborted,no catch data collected,,08/18/2019 17:08:30,,,Canada,,,48.5410,-126.1518,480.0000,,,,,,
NOAA Bell M Shimada,201906,75,,Open codend opportunistic off-bottom sample,Good,100% processed (no subsample),08/18/2019 22:51:04,08/18/2019 23:02:49,0:11:45,0.5519,Canada,48.3936,-125.4670,48.3993,-125.4780,131.0364,121.6781,14.6707,7.5166,175.6125,85,24.0000
NOAA Bell M Shimada,201906,76,,Open codend opportunistic off-bottom sample,Good,100% processed (no subsample),08/19/2019 15:36:51,08/19/2019 15:41:59,0:05:08,0.3070,Vancouver/North Columbia; from 45.77 to 48.5 degrees latitude,48.2242,-125.5345,48.2278,-125.5398,152.1831,,16.6855,7.5565,245.3774,84,NR
NOAA Bell M Shimada,201906,77,,Open codend opportunistic off-bottom sample,Good,100% processed (no subsample),08/19/2019 17:16:06,08/19/2019 17:28:52,0:12:46,0.7198,Vancouver/North Columbia; from 45.77 to 48.5 degrees latitude,48.2267,-125.5836,48.2355,-125.5958,151.8918,149.2789,17.0074,7.6937,245.5000,84,30.0000
NOAA Bell M Shimada,201906,78,,Open codend opportunistic off-bottom sample,Good,100% processed (no subsample),08/19/2019 19:18:10,08/19/2019 19:19:18,0:01:08,0.0652,Vancouver/North Columbia; from 45.77 to 48.5 degrees latitude,48.2341,-125.5485,48.2350,-125.5493,150.8973,145.0993,16.8928,7.5644,255.2083,84,24.0000
FV Nordic Pearl,2019097,1,4461.56,Opportunistic off-bottom sample,Good,100% processed (no subsample),08/19/2019 21:22:10,08/19/2019 21:36:42,00:14:32,1.6900,Canada,48.7306,-125.5971,48.7298,-125.6201,190.0000,173.0000,,8.3800,,87,NR
FV Nordic Pearl,2019097,2,35.99,Opportunistic off-bottom sample,Good,100% processed (no subsample),08/20/2019 01:29:51,08/20/2019 01:54:25,00:24:34,2.2000,Canada,48.7282,-126.3291,48.7274,-126.3589,515.0000,414.0000,,5.7100,,87,NR
FV Nordic Pearl,2019097,3,18140,Opportunistic off-bottom sample,Good,100% processed (no subsample),08/22/2019 17:06:44,08/22/2019 17:12:16,00:05:32,0.5100,Canada,49.0629,-126.3940,49.0623,-126.3870,130.0000,102.0000,,7.7400,,89,NR
FV Nordic Pearl,2019097,4,212.66,Opportunistic off-bottom sample,Good,100% processed (no subsample),08/23/2019 16:31:35,08/23/2019 16:39:32,00:07:57,0.8600,Canada,49.4186,-127.2483,49.4112,-127.2513,302.0000,176.0000,,7.0400,,91,NR
FV Nordic Pearl,2019097,5,250.39,Opportunistic off-bottom sample,Good,100% processed (no subsample),08/23/2019 17:29:28,08/23/2019 17:37:28,00:08:00,0.8700,Canada,49.4097,-127.2532,49.4023,-127.2570,302.0000,279.0000,,6.4700,,91,NR
FV Nordic Pearl,2019097,6,483.41,Opportunistic off-bottom sample,Good,100% processed (no subsample),08/25/2019 20:18:59,08/25/2019 20:27:20,00:08:21,0.9400,Canada,50.4002,-128.4765,50.3918,-128.4755,345.0000,304.0000,,6.0700,,97,NR
FV Nordic Pearl,2019097,7,3301.89,Opportunistic off-bottom sample,Good,100% processed (no subsample),08/25/2019 22:24:44,08/25/2019 22:51:53,00:27:09,3.3900,Canada,50.4135,-128.2816,50.3903,-128.2509,174.0000,143.0000,,7.2000,,97,NR
FV Nordic Pearl,2019097,8,7260,Opportunistic off-bottom sample,Unspecificed problems,100% processed (no subsample),08/26/2019 14:52:16,08/26/2019 14:56:03,00:03:47,0.9100,Canada,50.5861,-128.4951,50.5800,-128.4866,174.0000,,,,,98,NR
FV Nordic Pearl,2019097,9,3156.89,Opportunistic off-bottom sample,Good,100% processed (no subsample),08/26/2019 21:51:48,08/26/2019 22:16:52,00:25:04,2.6800,Canada,50.7276,-129.0651,50.7267,-129.1030,190.0000,156.0000,,6.8500,,99,NR
FV Nordic Pearl,2019097,10,279.85,Opportunistic off-bottom sample,Good,100% processed (no subsample),08/27/2019 20:11:19,08/27/2019 20:16:16,00:04:57,0.5800,Canada,50.8963,-129.6172,50.8963,-129.6090,170.0000,171.0000,,6.8700,,100,NR
FV Nordic Pearl,2019097,11,136.93,Opportunistic off-bottom sample,Good,100% processed (no subsample),08/28/2019 17:07:14,08/28/2019 17:22:42,00:15:28,1.4500,Canada,51.0667,-128.1081,51.0660,-128.1288,170.0000,135.0000,,6.8700,,101,NR
FV Nordic Pearl,2019097,12,304.76,Opportunistic off-bottom sample,Good,100% processed (no subsample),08/28/2019 19:38:55,08/28/2019 19:52:00,00:13:05,1.7100,Canada,51.0613,-127.9023,51.0633,-127.8781,156.0000,117.0000,,6.9400,,101,NR
FV Nordic Pearl,2019097,13,3.35,Opportunistic off-bottom sample,Good,100% processed (no subsample),09/02/2019 19:28:46,09/02/2019 19:58:05,00:29:19,2.6800,Canada,52.0649,-130.3943,52.0644,-130.4334,350.0000,293.0000,,5.5700,,107,NR
FV Nordic Pearl,2019097,14,141.83,Opportunistic off-bottom sample,Good,100% processed (no subsample),09/03/2019 23:20:03,09/03/2019 23:42:49,00:22:46,2.6700,Canada,52.7309,-129.7940,52.7309,-129.8334,213.0000,177.0000,,6.2600,,111,NR
FV Nordic Pearl,2019097,15,194.03,Opportunistic off-bottom sample,Good,100% processed (no subsample),09/04/2019 20:45:53,09/04/2019 21:00:10,00:14:17,1.5400,Canada,53.0642,-130.7872,53.0643,-130.7642,123.0000,82.0000,,8.1400,,113,NR
FV Nordic Pearl,2019097,16,287.81,Opportunistic off-bottom sample,Good,100% processed (no subsample),09/05/2019 00:17:05,09/05/2019 00:33:09,00:16:04,1.6500,Canada,53.0641,-130.2052,53.0641,-130.1806,215.0000,149.0000,,6.5100,,113,NR
FV Nordic Pearl,2019097,17,325.54,Opportunistic off-bottom sample,Good,100% processed (no subsample),09/06/2019 16:29:51,09/06/2019 16:45:46,00:15:55,1.7200,Canada,54.5251,-131.1508,54.5097,-131.1510,150.0000,91.0000,,7.7500,,121,NR
FV Nordic Pearl,2019097,18,155.49,Opportunistic off-bottom sample,Good,100% processed (no subsample),09/07/2019 15:33:25,09/07/2019 15:54:16,00:20:51,2.2400,Canada,54.2750,-132.2986,54.2951,-132.2986,210.0000,150.0000,,6.3500,,125,NR
FV Nordic Pearl,2019097,19,21.73,Opportunistic off-bottom sample,Good,100% processed (no subsample),09/07/2019 23:20:48,09/07/2019 23:41:16,00:20:28,2.2700,Canada,54.6288,-132.8720,54.6085,-132.8711,260.0000,204.0000,,6.1500,,127,NR
FV Nordic Pearl,2019097,20,9.59,Opportunistic off-bottom sample,Good,100% processed (no subsample),09/09/2019 17:01:18,09/09/2019 17:17:38,00:16:20,1.6800,Canada,54.5638,-133.7334,54.5638,-133.7594,250.0000,204.0000,,6.0200,,129,NR
FV Nordic Pearl,2019097,21,31.32,Opportunistic off-bottom sample,Good,100% processed (no subsample),09/09/2019 20:00:16,09/09/2019 20:20:38,00:20:22,2.2900,Canada,54.5640,-134.0809,54.5637,-134.1162,1000.0000,333.0000,,5.4200,,129,NR
FV Nordic Pearl,2019097,22,72.98,Opportunistic off-bottom sample,Good,100% processed (no subsample),09/13/2019 19:22:16,09/13/2019 19:45:24,00:23:08,2.3700,Canada,51.9667,-131.1850,51.9457,-131.1915,800.0000,396.0000,,5.9400,,145,NR
NOAA Bell M Shimada,202106,1,38.714,Opportunistic off-bottom sample,Unspecificed problems,100% processed (no subsample),07/01/2021 22:53:05,07/01/2021 22:56:34,0:03:29,0.2049,Conception; from 32.5 to 36 degrees latitude,34.4433,-120.6571,34.4433,-120.6613,272.9710,NC,16.7519,9.3684,398.0000,1,NR
NOAA Bell M Shimada,202106,2,60.59,Opportunistic off-bottom sample,Good,100% processed (no subsample),07/03/2021 01:36:58,07/03/2021 01:45:36,0:08:38,0.4597,Conception; from 32.5 to 36 degrees latitude,34.9448,-120.8757,34.9504,-120.8821,194.3891,175.0165,15.2710,9.5615,280.3068,4,24.3750
NOAA Bell M Shimada,202106,3,,Opportunistic off-bottom sample,Aborted,no catch data collected,,,,,,,,,,,,,,,4,
NOAA Bell M Shimada,202106,4,13.244,Opportunistic off-bottom sample,Good,100% processed (no subsample),07/03/2021 18:47:37,07/03/2021 19:17:16,0:29:39,1.6000,Conception; from 32.5 to 36 degrees latitude,34.9458,-121.6512,34.9672,-121.6706,1367.5166,271.4842,15.4051,8.2125,458.2497,4,22.0714
NOAA Bell M Shimada,202106,5,41.009,Opportunistic off-bottom sample,Good,100% processed (no subsample),07/04/2021 01:44:47,07/04/2021 02:04:49,0:20:02,1.1055,Conception; from 32.5 to 36 degrees latitude,35.1177,-120.9523,35.1262,-120.9722,271.7546,250.2145,15.2487,8.6951,446.7326,5,21.3750
NOAA Bell M Shimada,202106,6,111.209,Opportunistic off-bottom sample,Good,100% processed (no subsample),07/04/2021 17:08:35,07/04/2021 17:28:20,0:19:45,1.2085,Conception; from 32.5 to 36 degrees latitude,35.2800,-121.0693,35.2954,-121.0852,316.2861,109.7842,15.4853,9.5886,161.5515,6,20.6667
NOAA Bell M Shimada,202106,7,546.767,Opportunistic off-bottom sample,Good,100% processed (no subsample),07/05/2021 15:28:35,07/05/2021 15:43:44,0:15:09,0.8267,Conception; from 32.5 to 36 degrees latitude,35.4493,-121.1688,35.4599,-121.1796,302.3473,295.1959,15.3446,8.8262,501.1130,7,22.3000
NOAA Bell M Shimada,202106,8,232.058,Opportunistic off-bottom sample,Good,100% processed (no subsample),07/05/2021 18:50:06,07/05/2021 19:20:08,0:30:02,1.5488,Conception; from 32.5 to 36 degrees latitude,35.4452,-121.2312,35.4691,-121.2433,386.4392,366.9691,15.2586,8.0689,588.7717,7,23.0556
NOAA Bell M Shimada,202106,9,17.5,Opportunistic off-bottom sample,Good,100% processed (no subsample),07/05/2021 23:30:50,07/05/2021 23:51:02,0:20:12,1.1765,Conception; from 32.5 to 36 degrees latitude,35.6121,-121.3506,35.6212,-121.3719,295.6410,160.2264,14.2980,9.7598,266.0000,8,19.8750
NOAA Bell M Shimada,202106,10,12.908,Opportunistic off-bottom sample,Good,100% processed (no subsample),07/06/2021 21:49:48,07/06/2021 22:05:54,0:16:06,0.9682,Conception; from 32.5 to 36 degrees latitude,35.9528,-121.7690,35.9658,-121.7809,1038.5076,234.3935,15.1530,8.7015,425.3896,10,20.3333
NOAA Bell M Shimada,202106,11,,Opportunistic off-bottom sample,Aborted,no catch data collected,,,,,,,,,,,,,,,13,
NOAA Bell M Shimada,202106,12,6.65,Opportunistic off-bottom sample,Good,100% processed (no subsample),07/08/2021 19:22:13,07/08/2021 19:31:20,0:09:07,0.4454,Monterey; from 36 to 40.5 degrees latitude,36.4433,-121.9884,36.4501,-121.9922,319.5597,265.2649,11.9451,9.0104,419.4695,13,22.7500
NOAA Bell M Shimada,202106,13,12.824,Opportunistic off-bottom sample,Good,100% processed (no subsample),07/09/2021 01:28:52,07/09/2021 01:44:07,0:15:15,0.7467,Monterey; from 36 to 40.5 degrees latitude,36.7783,-121.9238,36.7792,-121.9393,545.4017,193.8148,13.5425,9.0486,273.4188,15,23.8333
NOAA Bell M Shimada,202106,14,,Opportunistic off-bottom sample,Aborted,no catch data collected,,,,,,,,,,,,,,,16,
NOAA Bell M Shimada,202106,15,36.556,Opportunistic off-bottom sample,Good,100% processed (no subsample),07/09/2021 20:51:15,07/09/2021 21:21:27,0:30:12,1.4907,Monterey; from 36 to 40.5 degrees latitude,36.9349,-122.4093,36.9508,-122.4332,396.8387,320.9917,14.3564,8.1353,439.6602,16,29.2727
NOAA Bell M Shimada,202106,16,669.56,Opportunistic off-bottom sample,Good,100% processed (no subsample),07/10/2021 21:58:04,07/10/2021 22:03:19,0:05:15,0.2789,Monterey; from 36 to 40.5 degrees latitude,37.1160,-122.7164,37.1194,-122.7204,363.1813,285.4788,13.7637,8.3817,480.5000,17,23.0000
NOAA Bell M Shimada,202106,17,284.128,Opportunistic off-bottom sample,Good,100% processed (no subsample),07/11/2021 00:19:02,07/11/2021 00:42:42,0:23:40,1.2769,Monterey; from 36 to 40.5 degrees latitude,37.1113,-122.7254,37.1271,-122.7433,442.6178,350.7761,13.9728,7.8180,539.9868,17,23.0000
NOAA Bell M Shimada,202106,18,196.686,Opportunistic off-bottom sample,Good,100% processed (no subsample),07/11/2021 17:05:34,07/11/2021 17:15:47,0:10:13,0.5824,Monterey; from 36 to 40.5 degrees latitude,37.2794,-122.8614,37.2860,-122.8703,251.4756,182.2152,13.7173,9.0729,292.2078,18,21.1667
NOAA Bell M Shimada,202106,19,15.458,Opportunistic off-bottom sample,Good,100% processed (no subsample),07/12/2021 23:19:49,07/12/2021 23:49:53,0:30:04,1.7171,Monterey; from 36 to 40.5 degrees latitude,37.7785,-123.3017,37.7983,-123.3278,610.1685,298.5575,12.0850,8.3468,488.0519,21,24.4167
NOAA Bell M Shimada,202106,20,180.87,Opportunistic off-bottom sample,Good,100% processed (no subsample),07/24/2021 15:17:48,07/24/2021 15:22:13,0:04:25,0.2186,Monterey; from 36 to 40.5 degrees latitude,38.1103,-123.4795,38.1125,-123.4832,219.6362,162.4187,11.3660,8.9831,229.0000,23,22.5000
NOAA Bell M Shimada,202106,21,328.15,Opportunistic off-bottom sample,Good,100% processed (no subsample),07/24/2021 16:59:46,07/24/2021 17:05:22,0:05:36,0.2360,Monterey; from 36 to 40.5 degrees latitude,38.1085,-123.5200,38.1110,-123.5238,452.1779,182.5090,11.3605,9.1266,219.0400,23,24.5000
NOAA Bell M Shimada,202106,22,,Opportunistic off-bottom sample,Aborted,no catch data collected,,,,,,,,,,,,,,,27,
NOAA Bell M Shimada,202106,23,292.074,Opportunistic off-bottom sample,Good,100% processed (no subsample),07/25/2021 17:41:53,07/25/2021 17:48:00,0:06:07,0.3250,Monterey; from 36 to 40.5 degrees latitude,38.7811,-123.8447,38.7840,-123.8506,279.8651,236.7986,10.6026,8.5598,354.9866,27,28.5000
NOAA Bell M Shimada,202106,24,9.556,Opportunistic off-bottom sample,Good,100% processed (no subsample),07/25/2021 23:52:17,07/26/2021 00:10:40,0:18:23,0.8382,Monterey; from 36 to 40.5 degrees latitude,39.1123,-123.9798,39.1211,-123.9938,386.9499,354.9062,13.0717,7.4395,469.3806,29,33.8750
NOAA Bell M Shimada,202106,25,125.866,Opportunistic off-bottom sample,Good,100% processed (no subsample),07/26/2021 20:19:29,07/26/2021 20:29:48,0:10:19,0.5311,Monterey; from 36 to 40.5 degrees latitude,39.7757,-124.0689,39.7824,-124.0765,298.3336,279.5499,11.3340,7.7490,375.6587,33,26.1667
NOAA Bell M Shimada,202106,26,,Opportunistic off-bottom sample,Aborted,no catch data collected,,,,,,,,,,,,,,,33,
NOAA Bell M Shimada,202106,27,771.35,Opportunistic off-bottom sample,Good,100% processed (no subsample),07/26/2021 23:29:46,07/26/2021 23:30:52,0:01:06,0.0563,Monterey; from 36 to 40.5 degrees latitude,39.7715,-124.0535,39.7723,-124.0541,219.5261,207.7531,11.3845,8.3292,291.0263,33,25.0000
NOAA Bell M Shimada,202106,28,2.398,Opportunistic off-bottom sample,Good,100% processed (no subsample),07/27/2021 03:07:57,07/27/2021 03:18:01,0:10:04,0.5196,Monterey; from 36 to 40.5 degrees latitude,39.7723,-124.2560,39.7781,-124.2645,1243.9053,190.5058,10.9060,8.3110,235.5065,33,28.5000
NOAA Bell M Shimada,202106,29,32.151,Opportunistic off-bottom sample,Good,100% processed (no subsample),07/27/2021 15:42:57,07/27/2021 16:05:55,0:22:58,1.1252,Monterey; from 36 to 40.5 degrees latitude,40.1144,-124.3614,40.1262,-124.3804,448.7051,418.0328,10.8231,7.1653,590.0247,35,26.8333
NOAA Bell M Shimada,202106,30,1.381,Opportunistic off-bottom sample,Good,100% processed (no subsample),07/27/2021 18:26:02,07/27/2021 18:41:46,0:15:44,0.9694,Monterey; from 36 to 40.5 degrees latitude,40.1135,-124.5005,40.1227,-124.5178,699.1503,148.7764,11.2592,8.4319,224.6656,35,22.8750
NOAA Bell M Shimada,202106,31,17.472,Opportunistic off-bottom sample,Good,100% processed (no subsample),07/28/2021 17:41:45,07/28/2021 17:57:52,0:16:07,0.8324,Eureka; from 40.5 to 43 degrees latitude,40.7787,-124.5477,40.7923,-124.5514,526.5525,262.0831,10.8316,7.7492,388.6388,39,25.8333
NOAA Bell M Shimada,202106,32,164.1,Opportunistic off-bottom sample,Good,100% processed (no subsample),07/28/2021 19:59:24,07/28/2021 20:15:05,0:15:41,0.8511,Eureka; from 40.5 to 43 degrees latitude,40.7755,-124.5046,40.7895,-124.5073,396.7596,349.6418,10.5385,7.5320,541.3263,39,29.7500
NOAA Bell M Shimada,202106,33,2309,Opportunistic off-bottom sample,Good,100% processed (no subsample),07/28/2021 23:39:06,07/28/2021 23:50:32,0:11:26,0.6391,Eureka; from 40.5 to 43 degrees latitude,40.7776,-124.4522,40.7881,-124.4548,156.6194,134.5180,10.3778,8.3906,175.5757,39,23.0000
NOAA Bell M Shimada,202106,34,3.075,Opportunistic off-bottom sample,Unspecificed problems,100% processed (no subsample),07/29/2021 17:31:43,07/29/2021 18:04:00,0:32:17,1.4912,Eureka; from 40.5 to 43 degrees latitude,40.9420,-124.9594,40.9667,-124.9623,>3000,284.9906,10.9141,7.6225,492.0630,40,23.2500
NOAA Bell M Shimada,202106,35,404.01,Opportunistic off-bottom sample,Good,100% processed (no subsample),07/30/2021 01:46:24,07/30/2021 01:53:55,0:07:31,0.4241,Eureka; from 40.5 to 43 degrees latitude,41.1047,-124.3677,41.1117,-124.3691,228.3331,213.4818,11.0582,8.2029,356.2654,41,24.1667
NOAA Bell M Shimada,202106,36,1299.2,Opportunistic off-bottom sample,Good,100% processed (no subsample),07/30/2021 16:57:46,07/30/2021 16:58:09,0:00:23,0.0172,Eureka; from 40.5 to 43 degrees latitude,41.2681,-124.4022,41.2683,-124.4024,190.4518,145.2688,10.7523,8.3092,195.1667,42,27.5000
NOAA Bell M Shimada,202106,37,180.098,Opportunistic off-bottom sample,Good,100% processed (no subsample),07/30/2021 19:24:19,07/30/2021 19:31:50,0:07:31,0.3657,Eureka; from 40.5 to 43 degrees latitude,41.2679,-124.4212,41.2728,-124.4259,264.0937,245.2191,10.5605,8.1065,357.3389,42,26.0000
NOAA Bell M Shimada,202106,38,142.794,Opportunistic off-bottom sample,Good,100% processed (no subsample),07/31/2021 16:10:23,07/31/2021 16:31:56,0:21:33,1.0807,Eureka; from 40.5 to 43 degrees latitude,41.6151,-124.5145,41.6320,-124.5228,427.1670,397.9949,10.4338,6.9145,595.3771,44,26.6667
NOAA Bell M Shimada,202106,39,,Opportunistic off-bottom sample,Aborted,no catch data collected,,,,,,,,,,,,,,,45,
NOAA Bell M Shimada,202106,40,188.272,Opportunistic off-bottom sample,Good,100% processed (no subsample),08/01/2021 16:34:45,08/01/2021 16:56:18,0:21:33,1.1273,Eureka; from 40.5 to 43 degrees latitude,41.9486,-124.5848,41.9660,-124.5941,318.4973,303.7340,11.0683,7.8364,357.3085,46,35.0000
NOAA Bell M Shimada,202106,41,15.532,Opportunistic off-bottom sample,Good,100% processed (no subsample),08/02/2021 16:44:03,08/02/2021 17:15:35,0:31:32,1.8205,Eureka; from 40.5 to 43 degrees latitude,42.2857,-124.8918,42.3143,-124.8780,917.0523,336.0765,12.8537,6.2038,593.1288,48,20.9000
NOAA Bell M Shimada,202106,42,166.6,Opportunistic off-bottom sample,Unspecificed problems,100% processed (no subsample),08/02/2021 20:35:19,08/02/2021 20:47:59,0:12:40,0.6978,Eureka; from 40.5 to 43 degrees latitude,42.2779,-124.6544,42.2892,-124.6581,351.4958,348.7841,12.1512,7.5582,551.1218,48,25.6250
NOAA Bell M Shimada,202106,43,483.55,Opportunistic off-bottom sample,Good,100% processed (no subsample),08/03/2021 01:18:32,08/03/2021 01:35:04,0:16:32,1.0339,Eureka; from 40.5 to 43 degrees latitude,42.4443,-124.8113,42.4602,-124.8204,394.9237,228.7813,11.5907,7.8346,286.2339,49,31.1667
NOAA Bell M Shimada,202106,44,2124.014,Opportunistic off-bottom sample,Good,100% processed (no subsample),08/03/2021 15:58:10,08/03/2021 15:59:18,0:01:08,0.0520,Eureka; from 40.5 to 43 degrees latitude,42.6107,-124.7014,42.6115,-124.7013,197.9667,192.6807,9.8011,8.0065,260.6957,50,27.5000
NOAA Bell M Shimada,202106,45,334,Opportunistic off-bottom sample,Good,100% processed (no subsample),08/04/2021 15:15:26,08/04/2021 15:16:45,0:01:19,0.0647,South Columbia - to Cape Falcon; from 43 to 45.77 degrees latitude,43.1092,-124.7363,43.1102,-124.7368,223.1620,195.2839,10.0577,8.0666,276.4833,53,35.0000
NOAA Bell M Shimada,202106,46,125.65,Opportunistic off-bottom sample,Good,100% processed (no subsample),08/04/2021 21:07:45,08/04/2021 21:23:21,0:15:36,0.6848,South Columbia - to Cape Falcon; from 43 to 45.77 degrees latitude,43.2811,-124.9496,43.2925,-124.9491,792.7440,283.2284,11.2977,6.9688,432.8000,54,23.8333
NOAA Bell M Shimada,202106,47,67.26,Opportunistic off-bottom sample,Good,100% processed (no subsample),08/05/2021 15:41:24,08/05/2021 15:57:44,0:16:20,0.8555,South Columbia - to Cape Falcon; from 43 to 45.77 degrees latitude,43.4442,-124.7407,43.4581,-124.7450,505.9345,444.6317,12.1330,6.4138,669.5714,55,27.5000
NOAA Bell M Shimada,202106,48,149.008,Opportunistic off-bottom sample,Aborted,no catch data collected,,08/06/2021 15:13:22,,,,,,43.7791,-124.6065,,,,,,57,
NOAA Bell M Shimada,202106,49,,Opportunistic off-bottom sample,Aborted,no catch data collected,,08/06/2021 16:45:52,,,,,,,,,,,,,57,
NOAA Bell M Shimada,202106,50,105.892,Opportunistic off-bottom sample,Good,100% processed (no subsample),08/06/2021 17:55:56,08/06/2021 18:01:53,0:05:57,0.2958,South Columbia - to Cape Falcon; from 43 to 45.77 degrees latitude,43.7773,-124.6189,43.7724,-124.6186,292.3453,286.3420,12.7704,7.6379,534.6667,57,23.0000
NOAA Bell M Shimada,202106,51,,Opportunistic off-bottom sample,Aborted,no catch data collected,,08/07/2021 00:24:45,,,,,,,,,,,,,58,
NOAA Bell M Shimada,202106,52,1222.4,Opportunistic off-bottom sample,Good,100% processed (no subsample),09/04/2021 19:54:00,09/04/2021 19:56:10,0:02:10,0.0915,South Columbia - to Cape Falcon; from 43 to 45.77 degrees latitude,44.2942,-124.9132,44.2957,-124.9126,376.1804,NC,14.6669,7.2347,418.8516,60,NR
NOAA Bell M Shimada,202106,53,1112.984,Opportunistic off-bottom sample,Good,100% processed (no subsample),09/05/2021 15:29:24,09/05/2021 15:35:28,0:06:04,0.2797,South Columbia - to Cape Falcon; from 43 to 45.77 degrees latitude,44.4455,-124.9270,44.4469,-124.9332,540.5632,267.4120,11.3616,7.2264,376.6973,61,30.5000
NOAA Bell M Shimada,202106,54,199.644,Opportunistic off-bottom sample,Good,100% processed (no subsample),09/06/2021 17:22:32,09/06/2021 17:37:38,0:15:06,0.7724,South Columbia - to Cape Falcon; from 43 to 45.77 degrees latitude,44.6166,-124.8149,44.6262,-124.8270,341.9106,327.5324,12.0487,6.8190,532.7172,62,24.0000
NOAA Bell M Shimada,202106,55,414.102,Opportunistic off-bottom sample,Good,100% processed (no subsample),09/06/2021 20:20:29,09/06/2021 20:27:12,0:06:43,0.3885,South Columbia - to Cape Falcon; from 43 to 45.77 degrees latitude,44.6141,-124.8419,44.6192,-124.8476,363.5458,287.8275,10.7858,6.3050,529.5171,62,22.0000
NOAA Bell M Shimada,202106,56,38,Opportunistic off-bottom sample,Good,100% processed (no subsample),09/07/2021 15:45:49,09/07/2021 15:55:23,0:09:34,0.5222,South Columbia - to Cape Falcon; from 43 to 45.77 degrees latitude,44.7800,-124.7312,44.7880,-124.7360,294.8998,273.3508,14.7465,7.3577,453.3559,63,26.5000
NOAA Bell M Shimada,202106,57,1388.678,Opportunistic off-bottom sample,Good,100% processed (no subsample),09/07/2021 18:40:11,09/07/2021 18:48:20,0:08:09,0.4071,South Columbia - to Cape Falcon; from 43 to 45.77 degrees latitude,44.7749,-124.5981,44.7816,-124.5989,271.0773,222.9193,14.6050,7.6069,323.8880,63,25.0000
NOAA Bell M Shimada,202106,58,157.112,Opportunistic off-bottom sample,Good,100% processed (no subsample),09/08/2021 02:23:11,09/08/2021 02:28:16,0:05:05,0.2948,South Columbia - to Cape Falcon; from 43 to 45.77 degrees latitude,44.9436,-124.4953,44.9434,-124.5022,365.5591,336.3121,15.6816,6.9657,668.2595,64,25.0000
NOAA Bell M Shimada,202106,59,242.471,Opportunistic off-bottom sample,Good,100% processed (no subsample),09/09/2021 15:56:21,09/09/2021 16:09:41,0:13:20,0.6933,South Columbia - to Cape Falcon; from 43 to 45.77 degrees latitude,45.2717,-124.3524,45.2824,-124.3583,263.9312,244.9895,16.1827,7.4654,354.6317,66,29.5000
NOAA Bell M Shimada,202106,60,301.6347,Opportunistic off-bottom sample,Good,100% processed (no subsample),09/09/2021 21:21:10,09/09/2021 21:34:28,0:13:18,0.6611,South Columbia - to Cape Falcon; from 43 to 45.77 degrees latitude,45.2787,-124.7379,45.2892,-124.7426,551.0047,512.8661,17.4350,5.7553,769.5992,66,30.0000
NOAA Bell M Shimada,202106,61,0.908,Opportunistic off-bottom sample,Good,100% processed (no subsample),09/10/2021 16:20:00,09/10/2021 16:24:00,0:04:00,0.1994,South Columbia - to Cape Falcon; from 43 to 45.77 degrees latitude,45.4367,-124.2766,45.4398,-124.2785,167.8242,160.0458,16.4491,7.6178,206.2520,67,26.0000
NOAA Bell M Shimada,202106,62,73.526,Opportunistic off-bottom sample,Good,100% processed (no subsample),09/11/2021 01:02:15,09/11/2021 01:19:49,0:17:34,0.9218,South Columbia - to Cape Falcon; from 43 to 45.77 degrees latitude,45.6098,-124.5620,45.6195,-124.5789,325.2967,318.1436,17.1934,6.9267,473.9726,68,27.0000
NOAA Bell M Shimada,202106,63,237.071,Opportunistic off-bottom sample,Good,100% processed (no subsample),09/11/2021 21:02:34,09/11/2021 21:12:36,0:10:02,0.5582,Vancouver/North Columbia; from 45.77 to 48.5 degrees latitude,45.7842,-124.7411,45.7933,-124.7382,396.6554,392.7437,17.4069,6.2846,695.7632,69,25.0000
NOAA Bell M Shimada,202106,64,38.232,Opportunistic off-bottom sample,Good,100% processed (no subsample),09/12/2021 17:33:23,09/12/2021 17:42:37,0:09:14,0.4959,Vancouver/North Columbia; from 45.77 to 48.5 degrees latitude,45.9503,-124.7256,45.9576,-124.7311,358.2622,313.2710,17.2735,7.0668,519.6738,70,29.0000
NOAA Bell M Shimada,202106,65,1538.6,Opportunistic off-bottom sample,Good,100% processed (no subsample),09/13/2021 15:43:12,09/13/2021 15:52:45,0:09:23,0.4732,Vancouver/North Columbia; from 45.77 to 48.5 degrees latitude,46.2795,-124.3592,46.2842,-124.3683,232.1185,194.1369,14.7076,7.5474,286.6023,72,25.0000
NOAA Bell M Shimada,202106,66,106.1,Opportunistic off-bottom sample,Good,100% processed (no subsample),09/14/2021 18:06:06,09/14/2021 18:12:57,0:06:51,0.3406,Vancouver/North Columbia; from 45.77 to 48.5 degrees latitude,46.6124,-124.5840,46.6135,-124.5921,152.8593,143.9537,15.3000,7.5504,189.0024,74,26.0000
NOAA Bell M Shimada,202106,67,18.5,Opportunistic off-bottom sample,Good,100% processed (no subsample),09/15/2021 01:46:18,09/15/2021 01:56:24,0:10:06,0.4952,Vancouver/North Columbia; from 45.77 to 48.5 degrees latitude,46.7697,-124.7147,46.7748,-124.7242,145.8294,139.1212,15.3682,6.7627,172.2797,75,27.2500
NOAA Bell M Shimada,202106,68,14.331,Opportunistic off-bottom sample,Good,100% processed (no subsample),09/16/2021 19:24:52,09/16/2021 19:38:42,0:13:50,0.6027,Vancouver/North Columbia; from 45.77 to 48.5 degrees latitude,47.0936,-124.9719,47.1030,-124.9770,372.9854,330.1871,14.0152,6.9564,446.4529,77,30.0000
NOAA Bell M Shimada,202106,69,68.1418,Opportunistic off-bottom sample,Good,100% processed (no subsample),09/17/2021 01:58:39,09/17/2021 02:30:35,0:31:56,1.3514,Vancouver/North Columbia; from 45.77 to 48.5 degrees latitude,47.2738,-124.9097,47.2957,-124.9168,564.9082,422.1402,14.1092,6.0758,545.7357,78,34.7000
NOAA Bell M Shimada,202106,70,0.048,Opportunistic off-bottom sample,Good,100% processed (no subsample),09/18/2021 16:54:37,09/18/2021 17:03:04,0:08:27,0.4770,Vancouver/North Columbia; from 45.77 to 48.5 degrees latitude,47.7780,-125.0633,47.7767,-125.0750,215.5158,NC,12.8906,7.4314,277.9419,81,NR
NOAA Bell M Shimada,202106,71,997.874,Opportunistic off-bottom sample,Good,100% processed (no subsample),09/19/2021 16:37:26,09/19/2021 16:50:27,0:13:01,0.7261,Vancouver/North Columbia; from 45.77 to 48.5 degrees latitude,47.9454,-125.2975,47.9458,-125.3155,490.5944,416.7229,11.4899,6.0617,752.2008,82,30.0000
NOAA Bell M Shimada,202106,72,140.944,Opportunistic off-bottom sample,Good,100% processed (no subsample),09/20/2021 01:35:21,09/20/2021 01:50:23,0:15:02,0.7346,Vancouver/North Columbia; from 45.77 to 48.5 degrees latitude,48.1116,-125.2331,48.1114,-125.2514,324.3731,283.4052,13.0141,6.8186,422.0724,83,27.0000
NOAA Bell M Shimada,202106,73,179.8883,Opportunistic off-bottom sample,Good,100% processed (no subsample),09/21/2021 17:50:41,09/21/2021 18:05:42,0:15:01,0.7803,Canada,48.7781,-126.5670,48.7784,-126.5866,480.5219,449.0044,13.8116,6.0467,726.4486,87,30.0000
FV Nordic Pearl,202113,1,1.88,Opportunistic off-bottom sample,Good,100% processed (no subsample),08/21/2021 21:32:04,08/21/2021 21:52:24,0:20:20,0.9513,Canada,49.1148,-126.9733,49.0998,-126.9655,470.0000,435.0000,,,685.8000,89,30.0000
FV Nordic Pearl,202113,2,406.24,Opportunistic off-bottom sample,Good,100% processed (no subsample),08/22/2021 20:58:12,08/22/2021 21:22:58,0:24:46,0.2924,Canada,49.4318,-127.2529,49.4367,-127.2526,300.0000,278.0000,,,,91,38.0000
FV Nordic Pearl,202113,3,5.76,Opportunistic off-bottom sample,Good,100% processed (no subsample),08/23/2021 16:56:41,08/23/2021 17:20:37,0:23:56,1.2031,Canada,49.6110,-127.3844,49.6241,-127.4076,360.0000,,,,,92,
FV Nordic Pearl,202113,4,1008.42,Opportunistic off-bottom sample,Good,100% processed (no subsample),08/24/2021 16:12:57,08/24/2021 16:50:22,0:37:25,1.8509,Canada,49.9462,-127.7910,49.9300,-127.8317,550.0000,,,,493.8000,94,
FV Nordic Pearl,202113,5,4.35,Opportunistic off-bottom sample,Good,100% processed (no subsample),08/24/2021 18:59:23,08/24/2021 19:11:24,0:12:01,0.8012,Canada,49.9442,-127.9175,49.9403,-127.8977,370.0000,245.0000,,,376.7000,94,15.0000
FV Nordic Pearl,202113,6,11.47,Opportunistic off-bottom sample,Good,100% processed (no subsample),08/26/2021 17:13:24,08/26/2021 17:30:23,0:16:59,0.9097,Canada,50.2921,-128.1944,50.2815,-128.1776,175.0000,180.0000,,,246.9000,96,30.0000
FV Nordic Pearl,202113,7,1024.8,Opportunistic off-bottom sample,Good,100% processed (no subsample),08/27/2021 16:12:15,08/27/2021 16:22:15,0:10:00,0.5634,Canada,50.6212,-128.6120,50.6159,-128.5998,179.0000,181.0000,,,256.0000,98,31.0000
FV Nordic Pearl,202113,8,1.64,Opportunistic off-bottom sample,Unspecificed problems,100% processed (no subsample),08/29/2021 19:36:29,08/29/2021 19:57:10,0:20:41,1.1966,Canada,51.2535,-128.7506,51.2716,-128.7374,195.0000,,,,,101,
FV Nordic Pearl,202113,9,50.78,Opportunistic off-bottom sample,Good,100% processed (no subsample),08/29/2021 20:52:17,08/29/2021 21:09:36,0:17:19,1.0598,Canada,51.2872,-128.6818,51.2762,-128.6598,180.0000,185.0000,,,246.9000,101,30.0000
FV Nordic Pearl,202113,10,3845.66,Opportunistic off-bottom sample,Good,100% processed (no subsample),08/30/2021 15:19:56,08/30/2021 15:58:16,0:38:20,2.2886,Canada,51.6140,-128.2447,51.5772,-128.2605,130.0000,144.0000,,,201.2000,102,29.0000
FV Nordic Pearl,202113,11,401.02,Opportunistic off-bottom sample,Good,100% processed (no subsample),08/30/2021 19:11:49,08/30/2021 19:37:21,0:25:32,1.5865,Canada,51.6293,-128.5368,51.6053,-128.5546,140.0000,152.0000,,,201.2000,102,27.0000
FV Nordic Pearl,202113,12,20.05,Opportunistic off-bottom sample,Good,100% processed (no subsample),09/01/2021 18:47:56,09/01/2021 19:13:25,0:25:29,1.4934,Canada,51.6172,-130.5911,51.6179,-130.5512,1263.0000,439.0000,,,757.1000,102,29.0000
FV Nordic Pearl,202113,13,32.82,Opportunistic off-bottom sample,Good,100% processed (no subsample),09/02/2021 14:58:42,09/02/2021 15:20:53,0:22:11,1.2259,Canada,51.9844,-130.4008,51.9667,-130.4174,410.0000,390.0000,,,685.8000,103,30.0000
FV Nordic Pearl,202113,14,166.84,Opportunistic off-bottom sample,Good,100% processed (no subsample),09/03/2021 14:31:48,09/03/2021 14:52:19,0:20:31,1.2004,Canada,52.3557,-128.5681,52.3358,-128.5722,245.0000,230.0000,,,495.6000,104,30.0000
FV Nordic Pearl,202113,15,354.79,Opportunistic off-bottom sample,Good,100% processed (no subsample),09/06/2021 00:30:44,09/06/2021 00:51:11,0:20:27,1.1887,Canada,52.9481,-130.0265,52.9490,-129.9938,210.0000,184.0000,,,475.5000,106,29.0000
FV Nordic Pearl,202113,16,20.85,Opportunistic off-bottom sample,Good,100% processed (no subsample),09/07/2021 01:42:08,09/07/2021 01:58:01,0:15:53,0.9438,Canada,54.2724,-131.0502,54.2875,-131.0577,115.0000,110.0000,,,140.8000,110,30.0000
FV Nordic Pearl,202113,17,204.77,Opportunistic off-bottom sample,Good,100% processed (no subsample),09/09/2021 00:26:30,09/09/2021 00:34:27,0:07:57,0.5686,Canada,54.5740,-132.5752,54.5754,-132.5913,285.0000,199.0000,,,279.8000,113,29.0000
FV Nordic Pearl,202113,18,3.03,Opportunistic off-bottom sample,Good,100% processed (no subsample),09/09/2021 20:32:48,09/09/2021 20:52:53,0:20:04,1.2168,Canada,53.9521,-133.6415,53.9709,-133.6541,555.0000,430.0000,,,694.9000,116,30.0000